{"insightID":"a5f2ff51-425a-43b8-820a-2e2e6b3b6092","pixelReturn":[{"pixelExpression":"CachedPanel ( \"0\" ) ;","isMeta":false,"output":{"panelId":"0","view":"form-builder","viewOptions":"{\"json\":{\"html\":\"<div class=\\\"smss-text\\\" smss-form-model=\\\"RollId:\\\">{{item.model}}</div>\\n<smss-input ng-model=\\\"form.dataModel.RollId.selected\\\"></smss-input>\\n<div class=\\\"smss-text\\\" smss-form-model=\\\"StudentName:\\\">{{item.model}}</div>\\n<smss-input ng-model=\\\"form.dataModel.StudentName.selected\\\"></smss-input>\\n<div class=\\\"smss-text\\\" smss-form-model=\\\"StudentEmail:\\\">{{item.model}}</div>\\n<smss-input ng-model=\\\"form.dataModel.StudentEmail.selected\\\"></smss-input>\\n<div class=\\\"smss-text\\\" smss-form-model=\\\"DOB:\\\">{{item.model}}</div>\\n<smss-date-picker model=\\\"form.dataModel.DOB.selected\\\" format=\\\"YYYY-MM-DD\\\"></smss-date-picker>\\n<div class=\\\"smss-text\\\" smss-form-model=\\\"Gender:\\\">{{item.model}}</div>\\n<smss-dropdown model=\\\"form.dataModel.Gender.selected\\\" options=\\\"form.dataModel.Gender.options\\\" placeholder=\\\"Select One\\\">\\n</smss-dropdown>\\n<div class=\\\"smss-text\\\" smss-form-model=\\\"ClassId:\\\">{{item.model}}</div>\\n<smss-dropdown model=\\\"form.dataModel.ClassId.selected\\\" options=\\\"form.dataModel.ClassId.options\\\" placeholder=\\\"Select One\\\">\\n</smss-dropdown>\\n<div class=\\\"smss-text\\\" smss-form-model=\\\"RegDate:\\\">{{item.model}}</div>\\n<smss-date-picker model=\\\"form.dataModel.RegDate.selected\\\" format=\\\"YYYY-MM-DD\\\"></smss-date-picker>\\n<div smss-form-model=\\\"Submit\\\" class=\\\"form-builder__submit\\\"><smss-btn class=\\\"smss-btn--primary\\\" ng-click=\\\"form.runPixel(form.pixelModel.Insert.pixel)\\\">{{item.model}}</smss-btn></div>\\n\",\"js\":[],\"css\":[],\"pixel\":{\"Insert\":{\"name\":\"Insert\",\"pixel\":\"Database(database=[\\\"02a1ac40-a208-4774-ad41-b2882fed4529\\\"]) | Insert(into=[tblstudents__RollId, tblstudents__StudentName, tblstudents__StudentEmail, tblstudents__DOB, tblstudents__Gender, tblstudents__ClassId, tblstudents__RegDate], values=[(<RollId>), (<StudentName>), (<StudentEmail>), (<DOB>), (<Gender>), (<ClassId>), (<RegDate>)]);\"}},\"data\":{\"RollId\":{\"name\":\"RollId\",\"options\":[],\"pixel\":\"Database( database=[\\\"02a1ac40-a208-4774-ad41-b2882fed4529\\\"] )|Select(tblstudents__RollId).as([RollId])|Collect(-1);\",\"defaultValue\":\"\",\"config\":{\"table\":\"tblstudents\",\"app\":{\"value\":\"02a1ac40-a208-4774-ad41-b2882fed4529\"}},\"dependsOn\":[],\"required\":true,\"autoPopulate\":false,\"useFullList\":true},\"StudentName\":{\"name\":\"StudentName\",\"options\":[],\"pixel\":\"Database( database=[\\\"02a1ac40-a208-4774-ad41-b2882fed4529\\\"] )|Select(tblstudents__StudentName).as([StudentName])|Collect(-1);\",\"defaultValue\":\"\",\"config\":{\"table\":\"tblstudents\",\"app\":{\"value\":\"02a1ac40-a208-4774-ad41-b2882fed4529\"}},\"dependsOn\":[],\"required\":true,\"autoPopulate\":false,\"useFullList\":true},\"DOB\":{\"name\":\"DOB\",\"options\":[],\"pixel\":\"Database( database=[\\\"02a1ac40-a208-4774-ad41-b2882fed4529\\\"] )|Select(tblstudents__DOB).as([DOB])|Collect(-1);\",\"defaultValue\":\"\",\"config\":{\"table\":\"tblstudents\",\"app\":{\"value\":\"02a1ac40-a208-4774-ad41-b2882fed4529\"}},\"dependsOn\":[],\"required\":true,\"autoPopulate\":false,\"useFullList\":true},\"StudentEmail\":{\"name\":\"StudentEmail\",\"options\":[],\"pixel\":\"Database( database=[\\\"02a1ac40-a208-4774-ad41-b2882fed4529\\\"] )|Select(tblstudents__StudentEmail).as([StudentEmail])|Collect(-1);\",\"defaultValue\":\"\",\"config\":{\"table\":\"tblstudents\",\"app\":{\"value\":\"02a1ac40-a208-4774-ad41-b2882fed4529\"}},\"dependsOn\":[],\"required\":true,\"autoPopulate\":false,\"useFullList\":true},\"Gender\":{\"name\":\"Gender\",\"options\":[],\"pixel\":\"Database( database=[\\\"02a1ac40-a208-4774-ad41-b2882fed4529\\\"] )|Select(tblstudents__Gender).as([Gender])|Collect(-1);\",\"defaultValue\":\"\",\"config\":{\"table\":\"tblstudents\",\"app\":{\"value\":\"02a1ac40-a208-4774-ad41-b2882fed4529\"}},\"dependsOn\":[],\"required\":true,\"autoPopulate\":false,\"useFullList\":true},\"ClassId\":{\"name\":\"ClassId\",\"options\":[],\"pixel\":\"Database( database=[\\\"02a1ac40-a208-4774-ad41-b2882fed4529\\\"] )|Select(tblstudents__ClassId).as([ClassId])|Collect(-1);\",\"defaultValue\":\"\",\"config\":{\"table\":\"tblstudents\",\"app\":{\"value\":\"02a1ac40-a208-4774-ad41-b2882fed4529\"}},\"dependsOn\":[],\"required\":true,\"autoPopulate\":false,\"useFullList\":true},\"RegDate\":{\"name\":\"RegDate\",\"options\":[],\"pixel\":\"Database( database=[\\\"02a1ac40-a208-4774-ad41-b2882fed4529\\\"] )|Select(tblstudents__RegDate).as([RegDate])|Collect(-1);\",\"defaultValue\":\"\",\"config\":{\"table\":\"tblstudents\",\"app\":{\"value\":\"02a1ac40-a208-4774-ad41-b2882fed4529\"}},\"dependsOn\":[],\"required\":true,\"autoPopulate\":false,\"useFullList\":true},\"Status\":{\"name\":\"Status\",\"options\":[],\"pixel\":\"Database( database=[\\\"02a1ac40-a208-4774-ad41-b2882fed4529\\\"] )|Select(tblstudents__Status).as([Status])|Collect(-1);\",\"defaultValue\":\"\",\"config\":{\"table\":\"tblstudents\",\"app\":{\"value\":\"02a1ac40-a208-4774-ad41-b2882fed4529\"}},\"dependsOn\":[],\"required\":true,\"autoPopulate\":false,\"useFullList\":true},\"StudentId\":{\"name\":\"StudentId\",\"options\":[],\"pixel\":\"Database( database=[\\\"02a1ac40-a208-4774-ad41-b2882fed4529\\\"] )|Select(tblstudents__StudentId).as([StudentId])|Collect(-1);\",\"defaultValue\":\"\",\"config\":{\"table\":\"tblstudents\",\"app\":{\"value\":\"02a1ac40-a208-4774-ad41-b2882fed4529\"}},\"dependsOn\":[],\"required\":true,\"autoPopulate\":false,\"useFullList\":true},\"UpdationDate\":{\"name\":\"UpdationDate\",\"options\":[],\"pixel\":\"Database( database=[\\\"02a1ac40-a208-4774-ad41-b2882fed4529\\\"] )|Select(tblstudents__UpdationDate).as([UpdationDate])|Collect(-1);\",\"defaultValue\":\"\",\"config\":{\"table\":\"tblstudents\",\"app\":{\"value\":\"02a1ac40-a208-4774-ad41-b2882fed4529\"}},\"dependsOn\":[],\"required\":true,\"autoPopulate\":false,\"useFullList\":true}},\"config\":{\"background\":{\"background-image\":\"\",\"background-size\":\"\",\"background-position\":\"\",\"background-color\":\"\",\"background-repeat\":\"\"}},\"id\":\"158019\"}}","viewOptionsMap":{"form-builder":{"json":{"html":"<div class=\"smss-text\" smss-form-model=\"RollId:\">{{item.model}}</div>\n<smss-input ng-model=\"form.dataModel.RollId.selected\"></smss-input>\n<div class=\"smss-text\" smss-form-model=\"StudentName:\">{{item.model}}</div>\n<smss-input ng-model=\"form.dataModel.StudentName.selected\"></smss-input>\n<div class=\"smss-text\" smss-form-model=\"StudentEmail:\">{{item.model}}</div>\n<smss-input ng-model=\"form.dataModel.StudentEmail.selected\"></smss-input>\n<div class=\"smss-text\" smss-form-model=\"DOB:\">{{item.model}}</div>\n<smss-date-picker model=\"form.dataModel.DOB.selected\" format=\"YYYY-MM-DD\"></smss-date-picker>\n<div class=\"smss-text\" smss-form-model=\"Gender:\">{{item.model}}</div>\n<smss-dropdown model=\"form.dataModel.Gender.selected\" options=\"form.dataModel.Gender.options\" placeholder=\"Select One\">\n</smss-dropdown>\n<div class=\"smss-text\" smss-form-model=\"ClassId:\">{{item.model}}</div>\n<smss-dropdown model=\"form.dataModel.ClassId.selected\" options=\"form.dataModel.ClassId.options\" placeholder=\"Select One\">\n</smss-dropdown>\n<div class=\"smss-text\" smss-form-model=\"RegDate:\">{{item.model}}</div>\n<smss-date-picker model=\"form.dataModel.RegDate.selected\" format=\"YYYY-MM-DD\"></smss-date-picker>\n<div smss-form-model=\"Submit\" class=\"form-builder__submit\"><smss-btn class=\"smss-btn--primary\" ng-click=\"form.runPixel(form.pixelModel.Insert.pixel)\">{{item.model}}</smss-btn></div>\n","js":[],"css":[],"pixel":{"Insert":{"name":"Insert","pixel":"Database(database=[\"02a1ac40-a208-4774-ad41-b2882fed4529\"]) | Insert(into=[tblstudents__RollId, tblstudents__StudentName, tblstudents__StudentEmail, tblstudents__DOB, tblstudents__Gender, tblstudents__ClassId, tblstudents__RegDate], values=[(<RollId>), (<StudentName>), (<StudentEmail>), (<DOB>), (<Gender>), (<ClassId>), (<RegDate>)]);"}},"data":{"RollId":{"name":"RollId","options":[],"pixel":"Database( database=[\"02a1ac40-a208-4774-ad41-b2882fed4529\"] )|Select(tblstudents__RollId).as([RollId])|Collect(-1);","defaultValue":"","config":{"table":"tblstudents","app":{"value":"02a1ac40-a208-4774-ad41-b2882fed4529"}},"dependsOn":[],"required":true,"autoPopulate":false,"useFullList":true},"StudentName":{"name":"StudentName","options":[],"pixel":"Database( database=[\"02a1ac40-a208-4774-ad41-b2882fed4529\"] )|Select(tblstudents__StudentName).as([StudentName])|Collect(-1);","defaultValue":"","config":{"table":"tblstudents","app":{"value":"02a1ac40-a208-4774-ad41-b2882fed4529"}},"dependsOn":[],"required":true,"autoPopulate":false,"useFullList":true},"DOB":{"name":"DOB","options":[],"pixel":"Database( database=[\"02a1ac40-a208-4774-ad41-b2882fed4529\"] )|Select(tblstudents__DOB).as([DOB])|Collect(-1);","defaultValue":"","config":{"table":"tblstudents","app":{"value":"02a1ac40-a208-4774-ad41-b2882fed4529"}},"dependsOn":[],"required":true,"autoPopulate":false,"useFullList":true},"StudentEmail":{"name":"StudentEmail","options":[],"pixel":"Database( database=[\"02a1ac40-a208-4774-ad41-b2882fed4529\"] )|Select(tblstudents__StudentEmail).as([StudentEmail])|Collect(-1);","defaultValue":"","config":{"table":"tblstudents","app":{"value":"02a1ac40-a208-4774-ad41-b2882fed4529"}},"dependsOn":[],"required":true,"autoPopulate":false,"useFullList":true},"Gender":{"name":"Gender","options":[],"pixel":"Database( database=[\"02a1ac40-a208-4774-ad41-b2882fed4529\"] )|Select(tblstudents__Gender).as([Gender])|Collect(-1);","defaultValue":"","config":{"table":"tblstudents","app":{"value":"02a1ac40-a208-4774-ad41-b2882fed4529"}},"dependsOn":[],"required":true,"autoPopulate":false,"useFullList":true},"ClassId":{"name":"ClassId","options":[],"pixel":"Database( database=[\"02a1ac40-a208-4774-ad41-b2882fed4529\"] )|Select(tblstudents__ClassId).as([ClassId])|Collect(-1);","defaultValue":"","config":{"table":"tblstudents","app":{"value":"02a1ac40-a208-4774-ad41-b2882fed4529"}},"dependsOn":[],"required":true,"autoPopulate":false,"useFullList":true},"RegDate":{"name":"RegDate","options":[],"pixel":"Database( database=[\"02a1ac40-a208-4774-ad41-b2882fed4529\"] )|Select(tblstudents__RegDate).as([RegDate])|Collect(-1);","defaultValue":"","config":{"table":"tblstudents","app":{"value":"02a1ac40-a208-4774-ad41-b2882fed4529"}},"dependsOn":[],"required":true,"autoPopulate":false,"useFullList":true},"Status":{"name":"Status","options":[],"pixel":"Database( database=[\"02a1ac40-a208-4774-ad41-b2882fed4529\"] )|Select(tblstudents__Status).as([Status])|Collect(-1);","defaultValue":"","config":{"table":"tblstudents","app":{"value":"02a1ac40-a208-4774-ad41-b2882fed4529"}},"dependsOn":[],"required":true,"autoPopulate":false,"useFullList":true},"StudentId":{"name":"StudentId","options":[],"pixel":"Database( database=[\"02a1ac40-a208-4774-ad41-b2882fed4529\"] )|Select(tblstudents__StudentId).as([StudentId])|Collect(-1);","defaultValue":"","config":{"table":"tblstudents","app":{"value":"02a1ac40-a208-4774-ad41-b2882fed4529"}},"dependsOn":[],"required":true,"autoPopulate":false,"useFullList":true},"UpdationDate":{"name":"UpdationDate","options":[],"pixel":"Database( database=[\"02a1ac40-a208-4774-ad41-b2882fed4529\"] )|Select(tblstudents__UpdationDate).as([UpdationDate])|Collect(-1);","defaultValue":"","config":{"table":"tblstudents","app":{"value":"02a1ac40-a208-4774-ad41-b2882fed4529"}},"dependsOn":[],"required":true,"autoPopulate":false,"useFullList":true}},"config":{"background":{"background-image":"","background-size":"","background-position":"","background-color":"","background-repeat":""}},"id":"158019"}}},"config":{},"ornaments":{},"events":{},"comments":{},"position":{},"filters":[],"order":[],"cbv":[]},"operationType":["CACHED_PANEL"]}]}