{"engineId":"02a1ac40-a208-4774-ad41-b2882fed4529","engineName":"School Management","rdbmsId":"3def5bca-443c-4104-943e-e6412c443d5e","varstore":{},"frames":[{"file":"@BaseFolder@\\db\\@ENGINE@\\version\\3def5bca-443c-4104-943e-e6412c443d5e\\FRAME645684.rda","meta":"@BaseFolder@\\db\\@ENGINE@\\version\\3def5bca-443c-4104-943e-e6412c443d5e\\METADATA__FRAME645684.owl","state":null,"type":"prerna.ds.r.RDataTable","name":"FRAME645684","keys":["$CUR_FRAME_KEY","FRAME645684"]}],"panels":[{"panelId":"0","panelLabel":null,"view":"visualization","viewOptions":"{\"type\":\"standard\"}","viewOptionsMap":{"federate-view":{"app_id":"02a1ac40-a208-4774-ad41-b2882fed4529"},"visualization":{"type":"standard"}},"config":{"subType":"","type":"STANDARD","opacity":100,"labelOverride":false},"ornaments":{},"events":{"onSingleClick":{"Unfilter":[{"disabledVisuals":["Grid","Sunburst"],"default":true,"query":"(<Frame> | UnfilterFrame(<SelectedColumn>));","options":{},"refresh":false,"disabled":false,"panel":""}]},"onBrush":{"Filter":[{"default":true,"query":"if((IsEmpty(<SelectedValues>)),(<Frame> | UnfilterFrame(<SelectedColumn>)), (<Frame> | SetFrameFilter(<SelectedColumn>==<SelectedValues>)));","options":{},"refresh":false,"disabled":false,"panel":""}]}},"comments":{},"position":{"top":0,"left":0,"width":100,"height":96.86468646864687},"filters":[],"order":["{\"sortDir\":\"ASC\",\"column\":\"PRIM_KEY_PLACEHOLDER\",\"table\":\"StudentId\",\"alias\":\"\"}"],"cbv":[]}],"tasks":{"tasks":[{"type":"basic","task":{"taskType":"basic","id":"task1","numCollected":2000,"internalOffset":0,"taskOptions":"{\"options\":{\"0\":{\"layout\":\"Grid\",\"alignment\":{\"label\":[\"ClassId\",\"ClassName\",\"DOB\",\"marks\",\"RegDate\",\"StudentId\",\"StudentName\",\"SubjectId\",\"SubjectName\"]}}},\"ornament\":false}","qs":{"qsType":"FRAME","frameName":"FRAME645684","isDistinct":true,"overrideImplicit":false,"limit":2000,"offset":0,"relations":"[]","selectors":[{"type":"COLUMN","content":{"table":"FRAME645684","column":"ClassId","alias":"ClassId","tableAlias":null}},{"type":"COLUMN","content":{"table":"FRAME645684","column":"ClassName","alias":"ClassName","tableAlias":null}},{"type":"COLUMN","content":{"table":"FRAME645684","column":"DOB","alias":"DOB","tableAlias":null}},{"type":"COLUMN","content":{"table":"FRAME645684","column":"marks","alias":"marks","tableAlias":null}},{"type":"COLUMN","content":{"table":"FRAME645684","column":"RegDate","alias":"RegDate","tableAlias":null}},{"type":"COLUMN","content":{"table":"FRAME645684","column":"StudentId","alias":"StudentId","tableAlias":null}},{"type":"COLUMN","content":{"table":"FRAME645684","column":"StudentName","alias":"StudentName","tableAlias":null}},{"type":"COLUMN","content":{"table":"FRAME645684","column":"SubjectId","alias":"SubjectId","tableAlias":null}},{"type":"COLUMN","content":{"table":"FRAME645684","column":"SubjectName","alias":"SubjectName","tableAlias":null}}]}}},{"type":"basic","task":{"taskType":"basic","id":"task3","numCollected":2000,"internalOffset":0,"taskOptions":"{\"options\":{\"0\":{\"layout\":\"Grid\",\"alignment\":{\"label\":[\"ClassId\",\"ClassName\",\"DOB\",\"marks\",\"RegDate\",\"StudentId\",\"StudentName\",\"SubjectId\",\"SubjectName\"]}}},\"ornament\":false}","qs":{"qsType":"FRAME","frameName":"FRAME645684","isDistinct":true,"overrideImplicit":false,"limit":2000,"offset":0,"relations":"[]","selectors":[{"type":"COLUMN","content":{"table":"FRAME645684","column":"ClassId","alias":"ClassId","tableAlias":null}},{"type":"COLUMN","content":{"table":"FRAME645684","column":"ClassName","alias":"ClassName","tableAlias":null}},{"type":"COLUMN","content":{"table":"FRAME645684","column":"DOB","alias":"DOB","tableAlias":null}},{"type":"COLUMN","content":{"table":"FRAME645684","column":"marks","alias":"marks","tableAlias":null}},{"type":"COLUMN","content":{"table":"FRAME645684","column":"RegDate","alias":"RegDate","tableAlias":null}},{"type":"COLUMN","content":{"table":"FRAME645684","column":"StudentId","alias":"StudentId","tableAlias":null}},{"type":"COLUMN","content":{"table":"FRAME645684","column":"StudentName","alias":"StudentName","tableAlias":null}},{"type":"COLUMN","content":{"table":"FRAME645684","column":"SubjectId","alias":"SubjectId","tableAlias":null}},{"type":"COLUMN","content":{"table":"FRAME645684","column":"SubjectName","alias":"SubjectName","tableAlias":null}}]}}},{"type":"basic","task":{"taskType":"basic","id":"task5","numCollected":2000,"internalOffset":0,"taskOptions":"{\"options\":{\"0\":{\"layout\":\"Grid\",\"alignment\":{\"label\":[\"ClassId\",\"ClassName\",\"DOB\",\"marks\",\"RegDate\",\"StudentId\",\"StudentName\",\"SubjectId\",\"SubjectName\"]}}},\"ornament\":false}","qs":{"qsType":"FRAME","frameName":"FRAME645684","isDistinct":true,"overrideImplicit":false,"limit":2000,"offset":0,"relations":"[]","orders":["{\"sortDir\":\"ASC\",\"column\":\"PRIM_KEY_PLACEHOLDER\",\"table\":\"SubjectId\",\"alias\":\"\"}"],"selectors":[{"type":"COLUMN","content":{"table":"ClassId","column":"PRIM_KEY_PLACEHOLDER","alias":"ClassId","tableAlias":null}},{"type":"COLUMN","content":{"table":"ClassName","column":"PRIM_KEY_PLACEHOLDER","alias":"ClassName","tableAlias":null}},{"type":"COLUMN","content":{"table":"DOB","column":"PRIM_KEY_PLACEHOLDER","alias":"DOB","tableAlias":null}},{"type":"COLUMN","content":{"table":"marks","column":"PRIM_KEY_PLACEHOLDER","alias":"marks","tableAlias":null}},{"type":"COLUMN","content":{"table":"RegDate","column":"PRIM_KEY_PLACEHOLDER","alias":"RegDate","tableAlias":null}},{"type":"COLUMN","content":{"table":"StudentId","column":"PRIM_KEY_PLACEHOLDER","alias":"StudentId","tableAlias":null}},{"type":"COLUMN","content":{"table":"StudentName","column":"PRIM_KEY_PLACEHOLDER","alias":"StudentName","tableAlias":null}},{"type":"COLUMN","content":{"table":"SubjectId","column":"PRIM_KEY_PLACEHOLDER","alias":"SubjectId","tableAlias":null}},{"type":"COLUMN","content":{"table":"SubjectName","column":"PRIM_KEY_PLACEHOLDER","alias":"SubjectName","tableAlias":null}}]}}},{"type":"basic","task":{"taskType":"basic","id":"task7","numCollected":2000,"internalOffset":0,"taskOptions":"{\"options\":{\"0\":{\"layout\":\"Grid\",\"alignment\":{\"label\":[\"ClassId\",\"ClassName\",\"DOB\",\"marks\",\"RegDate\",\"StudentId\",\"StudentName\",\"SubjectId\",\"SubjectName\"]}}},\"ornament\":false}","qs":{"qsType":"FRAME","frameName":"FRAME645684","isDistinct":true,"overrideImplicit":false,"limit":2000,"offset":0,"relations":"[]","orders":["{\"sortDir\":\"ASC\",\"column\":\"PRIM_KEY_PLACEHOLDER\",\"table\":\"StudentId\",\"alias\":\"\"}"],"selectors":[{"type":"COLUMN","content":{"table":"ClassId","column":"PRIM_KEY_PLACEHOLDER","alias":"ClassId","tableAlias":null}},{"type":"COLUMN","content":{"table":"ClassName","column":"PRIM_KEY_PLACEHOLDER","alias":"ClassName","tableAlias":null}},{"type":"COLUMN","content":{"table":"DOB","column":"PRIM_KEY_PLACEHOLDER","alias":"DOB","tableAlias":null}},{"type":"COLUMN","content":{"table":"marks","column":"PRIM_KEY_PLACEHOLDER","alias":"marks","tableAlias":null}},{"type":"COLUMN","content":{"table":"RegDate","column":"PRIM_KEY_PLACEHOLDER","alias":"RegDate","tableAlias":null}},{"type":"COLUMN","content":{"table":"StudentId","column":"PRIM_KEY_PLACEHOLDER","alias":"StudentId","tableAlias":null}},{"type":"COLUMN","content":{"table":"StudentName","column":"PRIM_KEY_PLACEHOLDER","alias":"StudentName","tableAlias":null}},{"type":"COLUMN","content":{"table":"SubjectId","column":"PRIM_KEY_PLACEHOLDER","alias":"SubjectId","tableAlias":null}},{"type":"COLUMN","content":{"table":"SubjectName","column":"PRIM_KEY_PLACEHOLDER","alias":"SubjectName","tableAlias":null}}]}}},{"type":"basic","task":{"taskType":"basic","id":"task9","numCollected":2000,"internalOffset":0,"taskOptions":"{\"options\":{\"0\":{\"layout\":\"Grid\",\"alignment\":{\"label\":[\"ClassId\",\"ClassName\",\"DOB\",\"marks\",\"RegDate\",\"StudentId\",\"StudentName\",\"SubjectId\",\"SubjectName\"]}}},\"ornament\":false}","qs":{"qsType":"FRAME","frameName":"FRAME645684","isDistinct":true,"overrideImplicit":false,"limit":2000,"offset":0,"relations":"[]","orders":["{\"sortDir\":\"ASC\",\"column\":\"PRIM_KEY_PLACEHOLDER\",\"table\":\"StudentId\",\"alias\":\"\"}"],"selectors":[{"type":"COLUMN","content":{"table":"ClassId","column":"PRIM_KEY_PLACEHOLDER","alias":"ClassId","tableAlias":null}},{"type":"COLUMN","content":{"table":"ClassName","column":"PRIM_KEY_PLACEHOLDER","alias":"ClassName","tableAlias":null}},{"type":"COLUMN","content":{"table":"DOB","column":"PRIM_KEY_PLACEHOLDER","alias":"DOB","tableAlias":null}},{"type":"COLUMN","content":{"table":"marks","column":"PRIM_KEY_PLACEHOLDER","alias":"marks","tableAlias":null}},{"type":"COLUMN","content":{"table":"RegDate","column":"PRIM_KEY_PLACEHOLDER","alias":"RegDate","tableAlias":null}},{"type":"COLUMN","content":{"table":"StudentId","column":"PRIM_KEY_PLACEHOLDER","alias":"StudentId","tableAlias":null}},{"type":"COLUMN","content":{"table":"StudentName","column":"PRIM_KEY_PLACEHOLDER","alias":"StudentName","tableAlias":null}},{"type":"COLUMN","content":{"table":"SubjectId","column":"PRIM_KEY_PLACEHOLDER","alias":"SubjectId","tableAlias":null}},{"type":"COLUMN","content":{"table":"SubjectName","column":"PRIM_KEY_PLACEHOLDER","alias":"SubjectName","tableAlias":null}}]}}},{"type":"basic","task":{"taskType":"basic","id":"task11","numCollected":2000,"internalOffset":0,"taskOptions":"{\"options\":{\"0\":{\"layout\":\"Grid\",\"alignment\":{\"label\":[\"ClassId\",\"ClassName\",\"DOB\",\"marks\",\"RegDate\",\"StudentId\",\"StudentName\",\"SubjectId\",\"SubjectName\"]}}},\"ornament\":false}","qs":{"qsType":"FRAME","frameName":"FRAME645684","isDistinct":true,"overrideImplicit":false,"limit":2000,"offset":0,"relations":"[]","orders":["{\"sortDir\":\"ASC\",\"column\":\"PRIM_KEY_PLACEHOLDER\",\"table\":\"StudentId\",\"alias\":\"\"}"],"selectors":[{"type":"COLUMN","content":{"table":"ClassId","column":"PRIM_KEY_PLACEHOLDER","alias":"ClassId","tableAlias":null}},{"type":"COLUMN","content":{"table":"ClassName","column":"PRIM_KEY_PLACEHOLDER","alias":"ClassName","tableAlias":null}},{"type":"COLUMN","content":{"table":"DOB","column":"PRIM_KEY_PLACEHOLDER","alias":"DOB","tableAlias":null}},{"type":"COLUMN","content":{"table":"marks","column":"PRIM_KEY_PLACEHOLDER","alias":"marks","tableAlias":null}},{"type":"COLUMN","content":{"table":"RegDate","column":"PRIM_KEY_PLACEHOLDER","alias":"RegDate","tableAlias":null}},{"type":"COLUMN","content":{"table":"StudentId","column":"PRIM_KEY_PLACEHOLDER","alias":"StudentId","tableAlias":null}},{"type":"COLUMN","content":{"table":"StudentName","column":"PRIM_KEY_PLACEHOLDER","alias":"StudentName","tableAlias":null}},{"type":"COLUMN","content":{"table":"SubjectId","column":"PRIM_KEY_PLACEHOLDER","alias":"SubjectId","tableAlias":null}},{"type":"COLUMN","content":{"table":"SubjectName","column":"PRIM_KEY_PLACEHOLDER","alias":"SubjectName","tableAlias":null}}]}}},{"type":"basic","task":{"taskType":"basic","id":"task13","numCollected":2000,"internalOffset":0,"taskOptions":"{\"options\":{\"0\":{\"layout\":\"Grid\",\"alignment\":{\"label\":[\"ClassId\",\"ClassName\",\"DOB\",\"marks\",\"RegDate\",\"StudentId\",\"StudentName\",\"SubjectId\",\"SubjectName\"]}}},\"ornament\":false}","qs":{"qsType":"FRAME","frameName":"FRAME645684","isDistinct":true,"overrideImplicit":false,"limit":2000,"offset":0,"relations":"[]","orders":["{\"sortDir\":\"ASC\",\"column\":\"PRIM_KEY_PLACEHOLDER\",\"table\":\"StudentId\",\"alias\":\"\"}"],"selectors":[{"type":"COLUMN","content":{"table":"ClassId","column":"PRIM_KEY_PLACEHOLDER","alias":"ClassId","tableAlias":null}},{"type":"COLUMN","content":{"table":"ClassName","column":"PRIM_KEY_PLACEHOLDER","alias":"ClassName","tableAlias":null}},{"type":"COLUMN","content":{"table":"DOB","column":"PRIM_KEY_PLACEHOLDER","alias":"DOB","tableAlias":null}},{"type":"COLUMN","content":{"table":"marks","column":"PRIM_KEY_PLACEHOLDER","alias":"marks","tableAlias":null}},{"type":"COLUMN","content":{"table":"RegDate","column":"PRIM_KEY_PLACEHOLDER","alias":"RegDate","tableAlias":null}},{"type":"COLUMN","content":{"table":"StudentId","column":"PRIM_KEY_PLACEHOLDER","alias":"StudentId","tableAlias":null}},{"type":"COLUMN","content":{"table":"StudentName","column":"PRIM_KEY_PLACEHOLDER","alias":"StudentName","tableAlias":null}},{"type":"COLUMN","content":{"table":"SubjectId","column":"PRIM_KEY_PLACEHOLDER","alias":"SubjectId","tableAlias":null}},{"type":"COLUMN","content":{"table":"SubjectName","column":"PRIM_KEY_PLACEHOLDER","alias":"SubjectName","tableAlias":null}}]}}},{"type":"basic","task":{"taskType":"basic","id":"task15","numCollected":2000,"internalOffset":0,"taskOptions":"{\"options\":{\"0\":{\"layout\":\"Grid\",\"alignment\":{\"label\":[\"ClassId\",\"ClassName\",\"DOB\",\"marks\",\"RegDate\",\"StudentId\",\"StudentName\",\"SubjectId\",\"SubjectName\"]}}},\"ornament\":false}","qs":{"qsType":"FRAME","frameName":"FRAME645684","isDistinct":true,"overrideImplicit":false,"limit":2000,"offset":0,"relations":"[]","orders":["{\"sortDir\":\"ASC\",\"column\":\"PRIM_KEY_PLACEHOLDER\",\"table\":\"StudentId\",\"alias\":\"\"}"],"selectors":[{"type":"COLUMN","content":{"table":"ClassId","column":"PRIM_KEY_PLACEHOLDER","alias":"ClassId","tableAlias":null}},{"type":"COLUMN","content":{"table":"ClassName","column":"PRIM_KEY_PLACEHOLDER","alias":"ClassName","tableAlias":null}},{"type":"COLUMN","content":{"table":"DOB","column":"PRIM_KEY_PLACEHOLDER","alias":"DOB","tableAlias":null}},{"type":"COLUMN","content":{"table":"marks","column":"PRIM_KEY_PLACEHOLDER","alias":"marks","tableAlias":null}},{"type":"COLUMN","content":{"table":"RegDate","column":"PRIM_KEY_PLACEHOLDER","alias":"RegDate","tableAlias":null}},{"type":"COLUMN","content":{"table":"StudentId","column":"PRIM_KEY_PLACEHOLDER","alias":"StudentId","tableAlias":null}},{"type":"COLUMN","content":{"table":"StudentName","column":"PRIM_KEY_PLACEHOLDER","alias":"StudentName","tableAlias":null}},{"type":"COLUMN","content":{"table":"SubjectId","column":"PRIM_KEY_PLACEHOLDER","alias":"SubjectId","tableAlias":null}},{"type":"COLUMN","content":{"table":"SubjectName","column":"PRIM_KEY_PLACEHOLDER","alias":"SubjectName","tableAlias":null}}]}}},{"type":"basic","task":{"taskType":"basic","id":"task17","numCollected":2000,"internalOffset":0,"taskOptions":"{\"options\":{\"0\":{\"layout\":\"Grid\",\"alignment\":{\"label\":[\"ClassId\",\"ClassName\",\"DOB\",\"marks\",\"RegDate\",\"StudentId\",\"StudentName\",\"SubjectId\",\"SubjectName\"]}}},\"ornament\":false}","qs":{"qsType":"FRAME","frameName":"FRAME645684","isDistinct":true,"overrideImplicit":false,"limit":2000,"offset":0,"relations":"[]","orders":["{\"sortDir\":\"ASC\",\"column\":\"PRIM_KEY_PLACEHOLDER\",\"table\":\"StudentId\",\"alias\":\"\"}"],"selectors":[{"type":"COLUMN","content":{"table":"ClassId","column":"PRIM_KEY_PLACEHOLDER","alias":"ClassId","tableAlias":null}},{"type":"COLUMN","content":{"table":"ClassName","column":"PRIM_KEY_PLACEHOLDER","alias":"ClassName","tableAlias":null}},{"type":"COLUMN","content":{"table":"DOB","column":"PRIM_KEY_PLACEHOLDER","alias":"DOB","tableAlias":null}},{"type":"COLUMN","content":{"table":"marks","column":"PRIM_KEY_PLACEHOLDER","alias":"marks","tableAlias":null}},{"type":"COLUMN","content":{"table":"RegDate","column":"PRIM_KEY_PLACEHOLDER","alias":"RegDate","tableAlias":null}},{"type":"COLUMN","content":{"table":"StudentId","column":"PRIM_KEY_PLACEHOLDER","alias":"StudentId","tableAlias":null}},{"type":"COLUMN","content":{"table":"StudentName","column":"PRIM_KEY_PLACEHOLDER","alias":"StudentName","tableAlias":null}},{"type":"COLUMN","content":{"table":"SubjectId","column":"PRIM_KEY_PLACEHOLDER","alias":"SubjectId","tableAlias":null}},{"type":"COLUMN","content":{"table":"SubjectName","column":"PRIM_KEY_PLACEHOLDER","alias":"SubjectName","tableAlias":null}}]}}}],"taskCounter":18},"recipe":["AddPanel ( 0 ) ;","Panel ( 0 ) | AddPanelConfig ( config = [ { \"config\" : { \"type\" : \"STANDARD\" , \"opacity\" : 100 } } ] ) ;","Panel ( 0 ) | AddPanelEvents ( { \"onSingleClick\" : { \"Unfilter\" : [ { \"panel\" : \"\" , \"query\" : \"<encode>(<Frame> | UnfilterFrame(<SelectedColumn>));</encode>\" , \"options\" : { } , \"refresh\" : false , \"default\" : true , \"disabledVisuals\" : [ \"Grid\" , \"Sunburst\" ] , \"disabled\" : false } ] } , \"onBrush\" : { \"Filter\" : [ { \"panel\" : \"\" , \"query\" : \"<encode>if((IsEmpty(<SelectedValues>)),(<Frame> | UnfilterFrame(<SelectedColumn>)), (<Frame> | SetFrameFilter(<SelectedColumn>==<SelectedValues>)));</encode>\" , \"options\" : { } , \"refresh\" : false , \"default\" : true , \"disabled\" : false } ] } } ) ;","Panel ( 0 ) | RetrievePanelEvents ( ) ;","Panel ( 0 ) | SetPanelView ( \"visualization\" , \"<encode>{\"type\":\"echarts\"}</encode>\" ) ;","Panel ( 0 ) | SetPanelView ( \"federate-view\" , \"<encode>{\"app_id\":\"02a1ac40-a208-4774-ad41-b2882fed4529\"}</encode>\" ) ;","CreateFrame ( GRID ) .as ( [ 'FRAME645684' ] ) ;","Database ( database = [ \"02a1ac40-a208-4774-ad41-b2882fed4529\" ] ) | Select ( tblstudents__StudentName ) .as ( [ StudentName ] ) | Import ( frame = [ FRAME645684 ] ) ;","Database ( database = [ \"02a1ac40-a208-4774-ad41-b2882fed4529\" ] ) | Select ( tblstudents__StudentName , tblstudents__StudentId , tblstudents__DOB , tblstudents__RegDate , tblstudents__ClassId ) .as ( [ StudentName , StudentId , DOB , RegDate , ClassId ] ) | Merge ( joins = [ ( StudentName , inner.join , tblstudents__StudentName ) ] , frame = [ FRAME645684 ] ) ;","Database ( database = [ \"02a1ac40-a208-4774-ad41-b2882fed4529\" ] ) | Select ( tblclasses__id , tblclasses__ClassName ) .as ( [ id , ClassName ] ) | Merge ( joins = [ ( ClassId , inner.join , tblclasses__id ) ] , frame = [ FRAME645684 ] ) ;","Database ( database = [ \"02a1ac40-a208-4774-ad41-b2882fed4529\" ] ) | Select ( tblresult__StudentId , tblresult__marks , tblresult__SubjectId ) .as ( [ StudentId , marks , SubjectId ] ) | Merge ( joins = [ ( StudentId , inner.join , tblresult__StudentId ) ] , frame = [ FRAME645684 ] ) ;","Database ( database = [ \"02a1ac40-a208-4774-ad41-b2882fed4529\" ] ) | Select ( tblsubjects__id , tblsubjects__SubjectName ) .as ( [ id , SubjectName ] ) | Merge ( joins = [ ( SubjectId , inner.join , tblsubjects__id ) ] , frame = [ FRAME645684 ] ) ;","Panel ( 0 ) | SetPanelView ( \"visualization\" ) ;","Frame ( frame = [ FRAME645684 ] ) | QueryAll ( ) | AutoTaskOptions ( panel = [ \"0\" ] , layout = [ \"Grid\" ] ) | Collect ( 2000 ) ;","FRAME645684 | Convert ( frameType = [ R ] ) .as ( [ 'FRAME645684' ] ) ;","FRAME645684 | RemoveDuplicateRows ( ) ;","ifError ( ( Frame ( frame = [ FRAME645684 ] ) | Select ( FRAME645684__ClassId , FRAME645684__ClassName , FRAME645684__DOB , FRAME645684__marks , FRAME645684__RegDate , FRAME645684__StudentId , FRAME645684__StudentName , FRAME645684__SubjectId , FRAME645684__SubjectName ) .as ( [ ClassId , ClassName , DOB , marks , RegDate , StudentId , StudentName , SubjectId , SubjectName ] ) | With ( Panel ( 0 ) ) | Format ( type = [ 'table' ] ) | TaskOptions ( { \"0\" : { \"layout\" : \"Grid\" , \"alignment\" : { \"label\" : [ \"ClassId\" , \"ClassName\" , \"DOB\" , \"marks\" , \"RegDate\" , \"StudentId\" , \"StudentName\" , \"SubjectId\" , \"SubjectName\" ] } } } ) | Collect ( 2000 ) ) , ( true ) ) ;","Panel ( 0 ) | SetPanelSort ( columns = [ \"SubjectId\" ] , sort = [ \"asc\" ] ) ;","Frame ( frame = [ FRAME645684 ] ) | Select ( ClassId , ClassName , DOB , marks , RegDate , StudentId , StudentName , SubjectId , SubjectName ) .as ( [ ClassId , ClassName , DOB , marks , RegDate , StudentId , StudentName , SubjectId , SubjectName ] ) | With ( Panel ( 0 ) ) | Format ( type = [ 'table' ] ) | TaskOptions ( { \"0\" : { \"layout\" : \"Grid\" , \"alignment\" : { \"label\" : [ \"ClassId\" , \"ClassName\" , \"DOB\" , \"marks\" , \"RegDate\" , \"StudentId\" , \"StudentName\" , \"SubjectId\" , \"SubjectName\" ] } } } ) | Collect ( 2000 ) ;","Panel ( 0 ) | SetPanelSort ( columns = [ \"StudentId\" ] , sort = [ \"asc\" ] ) ;","Frame ( frame = [ FRAME645684 ] ) | Select ( ClassId , ClassName , DOB , marks , RegDate , StudentId , StudentName , SubjectId , SubjectName ) .as ( [ ClassId , ClassName , DOB , marks , RegDate , StudentId , StudentName , SubjectId , SubjectName ] ) | With ( Panel ( 0 ) ) | Format ( type = [ 'table' ] ) | TaskOptions ( { \"0\" : { \"layout\" : \"Grid\" , \"alignment\" : { \"label\" : [ \"ClassId\" , \"ClassName\" , \"DOB\" , \"marks\" , \"RegDate\" , \"StudentId\" , \"StudentName\" , \"SubjectId\" , \"SubjectName\" ] } } } ) | Collect ( 2000 ) ;","Panel ( 0 ) | SetPanelSort ( columns = [ \"StudentId\" ] , sort = [ \"asc\" ] ) ;","Frame ( frame = [ FRAME645684 ] ) | Select ( ClassId , ClassName , DOB , marks , RegDate , StudentId , StudentName , SubjectId , SubjectName ) .as ( [ ClassId , ClassName , DOB , marks , RegDate , StudentId , StudentName , SubjectId , SubjectName ] ) | With ( Panel ( 0 ) ) | Format ( type = [ 'table' ] ) | TaskOptions ( { \"0\" : { \"layout\" : \"Grid\" , \"alignment\" : { \"label\" : [ \"ClassId\" , \"ClassName\" , \"DOB\" , \"marks\" , \"RegDate\" , \"StudentId\" , \"StudentName\" , \"SubjectId\" , \"SubjectName\" ] } } } ) | Collect ( 2000 ) ;","Panel ( 0 ) | SetPanelView ( \"federate-view\" ) ;","Panel ( 0 ) | SetPanelView ( \"visualization\" ) ;","Frame ( frame = [ FRAME645684 ] ) | Select ( ClassId , ClassName , DOB , marks , RegDate , StudentId , StudentName , SubjectId , SubjectName ) .as ( [ ClassId , ClassName , DOB , marks , RegDate , StudentId , StudentName , SubjectId , SubjectName ] ) | With ( Panel ( 0 ) ) | Format ( type = [ 'table' ] ) | TaskOptions ( { \"0\" : { \"layout\" : \"Grid\" , \"alignment\" : { \"label\" : [ \"ClassId\" , \"ClassName\" , \"DOB\" , \"marks\" , \"RegDate\" , \"StudentId\" , \"StudentName\" , \"SubjectId\" , \"SubjectName\" ] } } } ) | Collect ( 2000 ) ;","Panel ( 0 ) | SetPanelView ( \"visualization\" , \"<encode>{\"type\":\"standard\"}</encode>\" ) ;","Frame ( frame = [ FRAME645684 ] ) | Select ( ClassId , ClassName , DOB , marks , RegDate , StudentId , StudentName , SubjectId , SubjectName ) .as ( [ ClassId , ClassName , DOB , marks , RegDate , StudentId , StudentName , SubjectId , SubjectName ] ) | With ( Panel ( 0 ) ) | Format ( type = [ 'table' ] ) | TaskOptions ( { \"0\" : { \"layout\" : \"Grid\" , \"alignment\" : { \"label\" : [ \"ClassId\" , \"ClassName\" , \"DOB\" , \"marks\" , \"RegDate\" , \"StudentId\" , \"StudentName\" , \"SubjectId\" , \"SubjectName\" ] } } } ) | Collect ( 2000 ) ;","Panel ( 0 ) | SetPanelView ( \"text-widget\" ) ;","Panel ( 0 ) | SetPanelView ( \"visualization\" ) ;","Panel ( 0 ) | AddPanelConfig ( config = [ { \"config\" : { \"subType\" : \"\" } } ] ) ;","Panel ( 0 ) | SetPanelView ( \"visualization\" , \"<encode>{\"type\":\"standard\"}</encode>\" ) ;","Frame ( frame = [ FRAME645684 ] ) | Select ( ClassId , ClassName , DOB , marks , RegDate , StudentId , StudentName , SubjectId , SubjectName ) .as ( [ ClassId , ClassName , DOB , marks , RegDate , StudentId , StudentName , SubjectId , SubjectName ] ) | With ( Panel ( 0 ) ) | Format ( type = [ 'table' ] ) | TaskOptions ( { \"0\" : { \"layout\" : \"Grid\" , \"alignment\" : { \"label\" : [ \"ClassId\" , \"ClassName\" , \"DOB\" , \"marks\" , \"RegDate\" , \"StudentId\" , \"StudentName\" , \"SubjectId\" , \"SubjectName\" ] } } } ) | Collect ( 2000 ) ;","Panel ( 0 ) | SetPanelView ( \"federate-view\" ) ;","Panel ( 0 ) | SetPanelView ( \"visualization\" ) ;","Frame ( frame = [ FRAME645684 ] ) | Select ( ClassId , ClassName , DOB , marks , RegDate , StudentId , StudentName , SubjectId , SubjectName ) .as ( [ ClassId , ClassName , DOB , marks , RegDate , StudentId , StudentName , SubjectId , SubjectName ] ) | With ( Panel ( 0 ) ) | Format ( type = [ 'table' ] ) | TaskOptions ( { \"0\" : { \"layout\" : \"Grid\" , \"alignment\" : { \"label\" : [ \"ClassId\" , \"ClassName\" , \"DOB\" , \"marks\" , \"RegDate\" , \"StudentId\" , \"StudentName\" , \"SubjectId\" , \"SubjectName\" ] } } } ) | Collect ( 2000 ) ;","Panel ( 0 ) | SetPanelPosition ( { \"top\" : 0 , \"left\" : 0 , \"width\" : 100 , \"height\" : 96 . 86468646864687 } ) ;"]}