{"insightID":"8775873c-4da2-42af-bbab-d6d4b6a93f8a","pixelReturn":[{"pixelExpression":"CachedPanel ( \"0\" ) ;","isMeta":false,"output":{"panelId":"0","view":"visualization","viewOptions":"{\"type\":\"standard\"}","viewOptionsMap":{"federate-view":{"app_id":"02a1ac40-a208-4774-ad41-b2882fed4529"},"visualization":{"type":"standard"}},"config":{"subType":"","type":"STANDARD","opacity":100.0,"labelOverride":false},"ornaments":{},"events":{"onSingleClick":{"Unfilter":[{"disabledVisuals":["Grid","Sunburst"],"default":true,"query":"(<Frame> | UnfilterFrame(<SelectedColumn>));","options":{},"refresh":false,"disabled":false,"panel":""}]},"onBrush":{"Filter":[{"default":true,"query":"if((IsEmpty(<SelectedValues>)),(<Frame> | UnfilterFrame(<SelectedColumn>)), (<Frame> | SetFrameFilter(<SelectedColumn>==<SelectedValues>)));","options":{},"refresh":false,"disabled":false,"panel":""}]}},"comments":{},"position":{"top":0.0,"left":0.0,"width":100.0,"height":96.86468646864687},"filters":[],"order":["{\"sortDir\":\"ASC\",\"column\":\"PRIM_KEY_PLACEHOLDER\",\"table\":\"StudentId\",\"alias\":\"\"}"],"cbv":[]},"operationType":["CACHED_PANEL"]},{"pixelExpression":"Frame ( frame = [ FRAME645684 ] ) | Select ( ClassId , ClassName , DOB , marks , RegDate , StudentId , StudentName , SubjectId , SubjectName ) .as ( [ ClassId , ClassName , DOB , marks , RegDate , StudentId , StudentName , SubjectId , SubjectName ] ) | With ( Panel ( 0 ) ) | Format ( type = [ 'table' ] ) | TaskOptions ( { \"0\" : { \"layout\" : \"Grid\" , \"alignment\" : { \"label\" : [ \"ClassId\" , \"ClassName\" , \"DOB\" , \"marks\" , \"RegDate\" , \"StudentId\" , \"StudentName\" , \"SubjectId\" , \"SubjectName\" ] } } } ) | Collect ( 2000 ) ;","isMeta":false,"output":{"data":{"values":[[1,"First","1995-03-03",78,"2017-06-12 00:00:00",1,"Sarita",5,"Music"],[1,"First","1995-03-03",80,"2017-06-12 00:00:00",1,"Sarita",1,"Maths"],[1,"First","1995-03-03",90,"2017-06-12 00:00:00",1,"Sarita",9,"Sports"],[1,"First","1995-03-03",60,"2017-06-12 00:00:00",1,"Sarita",4,"Science"],[1,"First","1995-03-03",100,"2017-06-12 00:00:00",1,"Sarita",2,"English"],[4,"Fourth","1995-02-02",80,"2017-08-20 00:00:00",2,"Anuj kumar",4,"Science"],[4,"Fourth","1995-02-02",90,"2017-08-20 00:00:00",2,"Anuj kumar",2,"English"],[4,"Fourth","1995-02-02",75,"2017-08-20 00:00:00",2,"Anuj kumar",1,"Maths"],[4,"Fourth","1995-02-02",56,"2017-08-20 00:00:00",2,"Anuj kumar",5,"Music"],[7,"Seventh","2001-02-03",65,"2017-08-29 00:00:00",4,"rahul kumar",7,"Physics"],[7,"Seventh","2001-02-03",55,"2017-08-29 00:00:00",4,"rahul kumar",5,"Music"],[7,"Seventh","2001-02-03",85,"2017-08-29 00:00:00",4,"rahul kumar",1,"Maths"],[7,"Seventh","2001-02-03",54,"2017-08-29 00:00:00",4,"rahul kumar",2,"English"],[8,"Eight","2002-02-03",52,"2017-08-29 00:00:00",5,"sanjeev singh",5,"Music"],[8,"Eight","2002-02-03",80,"2017-08-29 00:00:00",5,"sanjeev singh",4,"Science"],[8,"Eight","2002-02-03",56,"2017-08-29 00:00:00",5,"sanjeev singh",1,"Maths"],[8,"Eight","2002-02-03",75,"2017-08-29 00:00:00",5,"sanjeev singh",2,"English"]],"headers":["ClassId","ClassName","DOB","marks","RegDate","StudentId","StudentName","SubjectId","SubjectName"],"rawHeaders":["ClassId","ClassName","DOB","marks","RegDate","StudentId","StudentName","SubjectId","SubjectName"]},"headerInfo":[{"alias":"ClassId","header":"ClassId","type":"NUMBER","derived":false},{"alias":"ClassName","header":"ClassName","type":"STRING","derived":false},{"alias":"DOB","header":"DOB","type":"STRING","derived":false},{"alias":"marks","header":"marks","type":"NUMBER","derived":false},{"alias":"RegDate","header":"RegDate","type":"STRING","derived":false},{"alias":"StudentId","header":"StudentId","type":"NUMBER","derived":false},{"alias":"StudentName","header":"StudentName","type":"STRING","derived":false},{"alias":"SubjectId","header":"SubjectId","type":"NUMBER","derived":false},{"alias":"SubjectName","header":"SubjectName","type":"STRING","derived":false}],"sortInfo":[{"alias":"StudentId","header":"StudentId","dir":"ASC","derived":false}],"numRows":17,"sources":[{"name":"FRAME645684","type":"FRAME"}],"numCollected":2000,"taskOptions":{"0":{"layout":"Grid","alignment":{"label":["ClassId","ClassName","DOB","marks","RegDate","StudentId","StudentName","SubjectId","SubjectName"]}}},"format":{"type":"TABLE"},"filterInfo":[],"taskId":"task1"},"operationType":["TASK_DATA"]}]}